Title,Link
Alzheimer's disease.,https://pubmed.ncbi.nlm.nih.gov/33667416/
Alzheimer's disease.,https://pubmed.ncbi.nlm.nih.gov/28872215/
New insights into atypical Alzheimer's disease in the era of biomarkers.,https://pubmed.ncbi.nlm.nih.gov/33609479/
"Recent Advancements in Pathogenesis, Diagnostics and Treatment of Alzheimer's Disease.",https://pubmed.ncbi.nlm.nih.gov/32484110/
Alzheimer's disease.,https://pubmed.ncbi.nlm.nih.gov/31753135/
"Alzheimer's Disease: Past, Present, and Future.",https://pubmed.ncbi.nlm.nih.gov/29198280/
"Inflammatory Processes in Alzheimer's Disease-Pathomechanism, Diagnosis and Treatment: A Review.",https://pubmed.ncbi.nlm.nih.gov/37047492/
Current understanding of Alzheimer's disease diagnosis and treatment.,https://pubmed.ncbi.nlm.nih.gov/30135715/
Biomarkers for Alzheimer's Disease Diagnosis.,https://pubmed.ncbi.nlm.nih.gov/28164766/
Pathogenesis of Alzheimer's Disease.,https://pubmed.ncbi.nlm.nih.gov/36613544/
